Main_Stat,Main_Growth,Main_Base,Main_Base_Rank,Main_True_Rank,Sub_Stat,Sub_Growth,Sub_Base,Sub_Base_Rank,Sub_True_Rank,Result_Stat,Result_Growth,Result_Base,Result_Base_Rank,Result_True_Rank,Main_Result,Sub_Result,Type,Main,Sub,Rarity
999,3,100,3,3,999,4,140,2,2,166,3,100,3,2,1,0,Not Good,Cpandora,Cpandora,38
999,3,100,3,3,999,4,140,2,2,166,3,100,3,2,1,0,Not Good,Cpandora,Cpandora,38
999,3,100,3,3,999,4,140,2,2,219,4,140,2,3,0,1,Not Good,Durahan,Joker,29
999,3,100,3,3,999,4,140,2,2,282,5,190,2,2,0,0,Not Good,Joker,Joker,12
999,3,100,3,3,999,4,140,2,2,219,4,140,2,3,0,1,Not Good,Durahan,Joker,29
999,3,100,3,3,999,4,140,2,2,166,3,100,3,2,1,0,Not Good,Cpandora,Cpandora,38
999,3,100,3,3,999,4,140,2,2,219,4,140,2,3,0,1,Not Good,Durahan,Joker,29
999,4,140,2,2,999,3,100,3,3,188,3,110,3,3,0,0,Not Good,Durahan,Durahan,21
999,4,140,2,2,999,3,100,3,3,205,4,140,2,3,1,0,Not Good,Durahan,Joker,48
999,4,140,2,2,999,3,100,3,3,281,5,190,2,2,0,0,Not Good,Joker,Joker,14
999,4,140,2,2,999,3,100,3,3,205,4,140,2,3,1,0,Not Good,Durahan,Joker,48
999,4,140,2,2,999,3,100,3,3,281,5,190,2,2,0,0,Not Good,Joker,Joker,14
999,4,140,2,2,999,3,100,3,3,205,4,140,2,3,1,0,Not Good,Durahan,Joker,48
999,4,120,3,3,999,4,140,1,2,172,4,120,3,3,1,0,Not Good,Mew,Mew,73
999,4,120,3,3,999,4,140,1,2,172,4,120,3,3,1,0,Not Good,Mew,Mew,73
999,4,120,3,3,999,4,140,1,2,172,4,120,3,3,1,0,Not Good,Mew,Mew,73
999,4,140,1,2,999,4,120,3,3,191,4,140,1,2,1,0,Not Good,Ducken,Ducken,54
999,4,140,1,2,999,4,120,3,3,191,4,140,1,2,1,0,Not Good,Ducken,Ducken,54
999,4,140,1,2,999,4,120,3,3,184,4,120,3,2,0,1,Not Good,Mew,Mew,46
999,4,120,3,3,999,4,150,1,1,238,5,160,1,1,0,0,Up to You,Hopper,Hopper,19
999,4,120,3,3,999,4,150,1,1,228,4,150,1,1,0,1,Up to You,Hopper,Kato,29
999,4,120,3,3,999,4,150,1,1,238,5,160,1,1,0,0,Up to You,Hopper,Hopper,19
999,4,120,3,3,999,4,150,1,1,185,4,120,3,2,1,0,Up to You,Mew,Mew,45
999,4,120,3,3,999,4,150,1,1,228,4,150,1,1,0,1,Up to You,Hopper,Kato,29
999,4,150,1,1,999,4,120,3,3,236,5,160,1,1,0,0,Up to You,Hopper,Hopper,20
999,4,150,1,1,999,4,120,3,3,229,3,140,3,3,0,0,Up to You,Kato,Kato,10
999,4,150,1,1,999,4,120,3,3,214,4,150,1,1,1,0,Up to You,Hopper,Kato,48
999,4,150,1,1,999,4,120,3,3,236,5,160,1,1,0,0,Up to You,Hopper,Hopper,20
978,3,100,3,3,991,1,40,3,4,154,3,100,3,3,1,0,Up to You,Pixie,Wracky,57
978,3,100,3,3,991,1,40,3,4,154,3,100,3,3,1,0,Up to You,Pixie,Wracky,57
978,3,100,3,3,991,1,40,3,4,184,2,90,3,3,0,0,Up to You,Wracky,Pixie,11
991,1,40,3,4,978,3,100,3,3,169,3,100,3,3,0,1,Up to You,Pixie,Wracky,33
991,1,40,3,4,978,3,100,3,3,109,1,40,3,4,1,0,Up to You,Wracky,Wracky,37
999,5,160,2,2,902,3,120,2,3,156,2,70,3,3,0,0,Unsure,Niton,Niton,10
999,5,160,2,2,902,3,120,2,3,221,5,160,2,2,1,0,Unsure,Metalner,Metalner,39
999,5,160,2,2,902,3,120,2,3,169,3,120,2,2,0,1,Unsure,Niton,Metalner,51
902,3,120,2,3,999,5,160,2,2,232,5,160,2,2,0,1,Unsure,Metalner,Metalner,22
902,3,120,2,3,999,5,160,2,2,168,3,120,2,2,1,0,Unsure,Niton,Metalner,69
902,3,120,2,3,999,5,160,2,2,168,3,120,2,2,1,0,Unsure,Niton,Metalner,69
902,3,120,2,3,999,4,140,2,2,224,4,140,2,2,0,1,Unsure,Durahan,Joker,11
902,3,120,2,3,999,4,140,2,2,130,2,70,6,5,0,0,Unsure,Niton,Durahan,35
902,3,120,2,3,999,4,140,2,2,224,4,140,2,2,0,1,Unsure,Durahan,Joker,11
902,3,120,2,3,999,4,140,2,2,224,4,140,2,2,0,0,Unsure,Durahan,Metalner,11
850,3,110,4,4,581,4,140,2,4,197,4,140,2,4,0,0,Great,Durahan,Joker,18
850,3,110,4,4,581,4,140,2,4,334,3,110,4,3,0,0,Great,Arrowhead,Durahan,11
850,3,110,4,4,581,4,140,2,4,298,3,110,4,2,0,0,Great,Durahan,Arrowhead,36
850,3,110,4,4,581,4,140,2,4,342,3,110,4,3,0,0,Great,Arrowhead,Durahan,11
850,3,110,4,4,581,4,140,2,4,382,3,110,4,5,1,0,Great,Durahan,Phoenix,18
850,3,110,4,4,999,3,110,4,4,164,1,70,5,5,0,0,Great,Golem,Golem,7
850,3,110,4,4,999,3,110,4,4,534,3,110,4,4,1,0,Great,Durahan,Phoenix,12
850,3,110,4,4,999,3,110,4,4,160,2,90,5,5,0,0,Great,Durahan,Golem,25
850,3,110,4,4,999,3,110,4,4,523,3,110,4,4,0,1,Great,Golem,Joker,12
850,3,110,4,4,999,3,110,4,4,150,2,80,5,5,0,0,Great,Golem,Durahan,25
850,3,110,4,4,999,3,120,3,3,190,3,120,3,3,0,1,Fine,Jell,Monol,21
850,3,110,4,4,999,3,120,3,3,190,3,120,3,3,0,1,Fine,Jell,Monol,21
850,3,110,4,4,999,3,120,3,3,168,3,110,4,4,1,0,Fine,Durahan,Phoenix,36
850,3,110,4,4,999,3,120,3,3,168,3,110,4,4,1,0,Fine,Durahan,Phoenix,36
850,3,110,4,4,999,3,120,3,3,180,3,110,3,3,0,0,Fine,Durahan,Durahan,16
850,3,110,4,4,999,3,110,4,4,408,3,110,4,3,0,1,Good,Worm,Suezo,21
850,3,110,4,4,999,3,110,4,4,382,3,110,4,3,1,0,Good,Durahan,Phoenix,36
850,3,110,4,4,999,3,110,4,4,212,4,130,2,2,0,0,Good,Suezo,Suezo,13
850,3,110,4,4,999,3,110,4,4,426,3,110,4,2,0,1,Good,Worm,Suezo,21
850,3,110,4,4,999,3,110,4,4,436,3,110,4,3,0,1,Good,Worm,Suezo,21
850,3,110,4,4,999,5,170,1,1,209,4,140,1,1,0,0,Up to You,Durahan,Tiger,29
850,3,110,4,4,999,5,170,1,1,190,3,110,4,4,1,0,Up to You,Durahan,Phoenix,14
850,3,110,4,4,999,5,170,1,1,210,3,130,2,3,0,0,Up to You,Durahan,Pixie,14
850,3,110,4,4,999,5,170,1,1,252,5,160,1,1,0,0,Up to You,Tiger,Tiger,6
850,3,110,4,4,999,5,170,1,1,230,4,150,1,1,0,0,Up to You,Pixie,Durahan,14
850,3,110,4,4,999,5,170,1,1,239,5,170,1,1,0,1,Not Good,Hopper,Bajarl,25
850,3,110,4,4,999,5,170,1,1,167,3,110,4,5,1,0,Not Good,Durahan,Phoenix,41
850,3,110,4,4,999,5,170,1,1,167,3,110,4,5,1,0,Not Good,Durahan,Phoenix,41
850,3,110,4,4,999,5,170,1,1,239,5,170,1,1,0,1,Not Good,Hopper,Bajarl,25
850,3,110,4,4,999,5,170,1,1,167,3,110,4,5,1,0,Not Good,Durahan,Phoenix,41
850,3,110,4,4,999,4,140,2,2,191,3,110,4,4,1,0,Unsure,Durahan,Phoenix,14
850,3,110,4,4,999,4,140,2,2,189,3,120,4,4,0,0,Unsure,Dragon,Durahan,21
850,3,110,4,4,999,4,140,2,2,221,4,140,2,3,0,0,Unsure,Durahan,Metalner,10
850,3,110,4,4,999,4,140,2,2,202,3,110,3,3,0,0,Unsure,Durahan,Durahan,6
850,3,110,4,4,999,4,140,2,2,212,3,120,3,3,0,0,Unsure,Dragon,Dragon,6
850,3,110,4,4,999,3,130,2,2,180,3,110,4,4,1,0,Up to You,Durahan,Phoenix,24
850,3,110,4,4,999,3,130,2,2,160,2,90,5,5,0,0,Up to You,Durahan,Golem,23
850,3,110,4,4,999,3,130,2,2,191,3,110,3,3,0,0,Up to You,Durahan,Durahan,11
850,3,110,4,4,999,3,130,2,2,150,2,80,5,5,0,0,Up to You,Golem,Durahan,23
850,3,110,4,4,999,3,130,2,2,160,2,90,5,5,0,0,Up to You,Durahan,Golem,23
850,3,110,4,4,999,4,130,2,2,211,4,130,2,2,0,0,Not Good,Suezo,Suezo,13
850,3,110,4,4,999,4,130,2,2,168,3,110,4,4,1,0,Not Good,Durahan,Phoenix,36
850,3,110,4,4,999,4,130,2,2,168,3,110,4,4,1,0,Not Good,Durahan,Phoenix,36
850,3,110,4,4,999,4,130,2,2,200,4,130,2,2,0,1,Not Good,Naga,Suezo,21
850,3,110,4,4,999,4,130,2,2,180,3,110,3,3,0,0,Not Good,Durahan,Durahan,16
581,4,140,2,4,850,3,110,4,4,300,3,110,4,3,0,0,Great,Durahan,Arrowhead,22
581,4,140,2,4,850,3,110,4,4,166,3,110,3,5,0,0,Great,Durahan,Durahan,8
581,4,140,2,4,850,3,110,4,4,288,3,110,4,3,0,0,Great,Arrowhead,Durahan,27
581,4,140,2,4,850,3,110,4,4,294,3,110,4,3,0,0,Great,Arrowhead,Durahan,27
581,4,140,2,4,850,3,110,4,4,282,3,30,6,3,0,0,Great,Arrowhead,Arrowhead,8
581,4,140,2,4,999,3,110,4,4,131,1,70,5,5,0,0,Great,Golem,Golem,8
581,4,140,2,4,999,3,110,4,4,378,3,110,4,5,0,1,Great,Golem,Joker,27
581,4,140,2,4,999,3,110,4,4,357,3,110,4,5,0,1,Great,Golem,Joker,27
581,4,140,2,4,999,3,110,4,4,132,2,80,5,5,0,0,Great,Golem,Arrowhead,27
581,4,140,2,4,999,3,110,4,4,102,2,50,6,6,0,0,Great,Arrowhead,Golem,16
581,4,140,2,4,999,3,120,3,3,152,2,100,5,5,0,0,Fine,Monol,Monol,15
581,4,140,2,4,999,3,120,3,3,172,4,120,3,3,0,0,Fine,Jell,Jell,18
581,4,140,2,4,999,3,120,3,3,82,3,30,6,5,0,0,Fine,Arrowhead,Arrowhead,15
581,4,140,2,4,999,3,120,3,3,192,4,140,2,2,1,0,Fine,Arrowhead,Joker,26
581,4,140,2,4,999,3,120,3,3,172,3,120,3,3,0,1,Fine,Jell,Monol,26
581,4,140,2,4,999,3,110,4,4,329,3,110,4,3,0,1,Good,Worm,Suezo,20
581,4,140,2,4,999,3,110,4,4,244,3,30,6,3,0,0,Good,Arrowhead,Arrowhead,12
581,4,140,2,4,999,3,110,4,4,191,4,130,2,3,0,0,Good,Suezo,Suezo,12
581,4,140,2,4,999,3,110,4,4,192,4,140,2,2,1,0,Good,Arrowhead,Joker,21
581,4,140,2,4,999,3,110,4,4,244,3,30,6,3,0,0,Good,Arrowhead,Arrowhead,12
581,4,140,2,4,999,5,170,1,1,219,5,160,1,1,0,0,Up to You,Tiger,Tiger,13
581,4,140,2,4,999,5,170,1,1,191,4,140,2,2,1,0,Up to You,Arrowhead,Joker,20
581,4,140,2,4,999,5,170,1,1,221,5,170,1,1,0,1,Up to You,Tiger,Pixie,20
581,4,140,2,4,999,5,170,1,1,191,4,140,2,2,1,0,Up to You,Arrowhead,Joker,20
581,4,140,2,4,999,5,170,1,1,201,4,150,2,2,0,0,Up to You,Pixie,Joker,17
581,4,140,2,4,999,5,170,1,1,191,4,140,2,2,1,0,Not Good,Arrowhead,Joker,24
581,4,140,2,4,999,5,170,1,1,211,5,160,1,1,0,0,Not Good,Hopper,Hopper,16
581,4,140,2,4,999,5,170,1,1,89,3,30,6,4,0,0,Not Good,Arrowhead,Arrowhead,14
581,4,140,2,4,999,5,170,1,1,191,4,140,2,2,1,0,Not Good,Arrowhead,Joker,24
581,4,140,2,4,999,5,170,1,1,211,5,160,1,1,0,0,Not Good,Hopper,Joker,23
581,4,140,2,4,999,4,140,2,2,163,3,120,4,4,0,0,Unsure,Dragon,Arrowhead,33
581,4,140,2,4,999,4,140,2,2,200,4,140,2,2,1,0,Unsure,Arrowhead,Joker,14
581,4,140,2,4,999,4,140,2,2,180,3,120,3,4,0,0,Unsure,Dragon,Dragon,11
581,4,140,2,4,999,4,140,2,2,192,4,140,2,3,0,0,Unsure,Dragon,Joker,17
581,4,140,2,4,999,4,140,2,2,163,3,120,4,4,0,0,Unsure,Dragon,Arrowhead,33
581,4,140,2,4,999,3,130,2,2,102,2,50,6,6,0,0,Up to You,Arrowhead,Golem,16
581,4,140,2,4,999,3,130,2,2,132,2,80,5,5,0,0,Up to You,Golem,Arrowhead,25
581,4,140,2,4,999,3,130,2,2,170,3,110,4,5,0,0,Up to You,Golem,Joker,13
581,4,140,2,4,999,3,130,2,2,90,3,30,6,4,0,0,Up to You,Arrowhead,Arrowhead,9
581,4,140,2,4,999,3,130,2,2,130,1,70,5,5,0,0,Up to You,Golem,Golem,14
581,4,140,2,4,999,4,130,2,2,182,4,130,2,2,0,1,Not Good,Naga,Suezo,20
581,4,140,2,4,999,4,130,2,2,190,4,130,2,2,0,0,Not Good,Suezo,Suezo,12
581,4,140,2,4,999,4,130,2,2,192,4,140,2,2,1,0,Not Good,Arrowhead,Joker,21
581,4,140,2,4,999,4,130,2,2,210,4,150,2,2,0,0,Not Good,Naga,Naga,14
581,4,140,2,4,999,4,130,2,2,90,3,30,6,5,0,0,Not Good,Arrowhead,Arrowhead,12
999,3,110,4,4,850,3,110,4,4,157,1,70,5,5,0,0,Great,Golem,Golem,8
999,3,110,4,4,850,3,110,4,4,477,3,110,4,4,1,0,Great,Golem,Joker,22
999,3,110,4,4,850,3,110,4,4,633,3,110,4,3,0,1,Great,Durahan,Phoenix,6
999,3,110,4,4,850,3,110,4,4,142,2,80,5,5,0,0,Great,Golem,Durahan,43
999,3,110,4,4,850,3,110,4,4,240,4,140,2,3,0,0,Great,Durahan,Joker,6
999,3,110,4,4,581,4,140,2,4,387,3,110,4,5,1,0,Great,Golem,Joker,39
999,3,110,4,4,581,4,140,2,4,390,3,110,4,5,1,0,Great,Golem,Joker,39
999,3,110,4,4,581,4,140,2,4,135,2,80,5,5,0,0,Great,Golem,Arrowhead,39
999,3,110,4,4,581,4,140,2,4,135,2,80,5,5,0,0,Great,Golem,Arrowhead,39
999,3,110,4,4,581,4,140,2,4,383,3,110,4,5,1,0,Great,Golem,Joker,39
999,3,110,4,4,999,3,120,3,3,119,1,40,6,6,0,0,Fine,Golem,Monol,17
999,3,110,4,4,999,3,120,3,3,136,2,70,5,5,0,0,Fine,Golem,Jell,34
999,3,110,4,4,999,3,120,3,3,205,2,100,4,4,0,0,Fine,Monol,Golem,5
999,3,110,4,4,999,3,120,3,3,189,3,110,4,4,1,0,Fine,Golem,Joker,17
999,3,110,4,4,999,3,120,3,3,212,3,120,3,4,0,0,Fine,Jell,Golem,10
999,3,110,4,4,999,3,110,4,4,236,3,130,2,3,0,0,Good,Suezo,Golem,5
999,3,110,4,4,999,3,110,4,4,249,4,130,2,2,0,0,Good,Suezo,Suezo,3
999,3,110,4,4,999,3,110,4,4,176,1,70,5,5,0,0,Good,Golem,Golem,6
999,3,110,4,4,999,3,110,4,4,156,2,90,5,5,0,0,Good,Golem,Worm,34
999,3,110,4,4,999,3,110,4,4,193,2,100,5,5,0,0,Good,Worm,Golem,10
999,3,110,4,4,999,5,170,1,1,158,2,80,5,5,0,0,Up to You,Golem,Pixie,15
999,3,110,4,4,999,5,170,1,1,277,5,160,1,1,0,0,Up to You,Tiger,Tiger,3
999,3,110,4,4,999,5,170,1,1,195,3,130,2,2,0,0,Up to You,Golem,Tiger,31
999,3,110,4,4,999,5,170,1,1,254,4,150,2,2,0,0,Up to You,Pixie,Joker,4
999,3,110,4,4,999,5,170,1,1,211,3,120,3,3,0,0,Up to You,Pixie,Golem,8
999,3,110,4,4,999,5,170,1,1,261,5,170,1,1,0,1,Not Good,Hopper,Bajarl,10
999,3,110,4,4,999,5,170,1,1,175,3,110,4,5,1,0,Not Good,Golem,Joker,32
999,3,110,4,4,999,5,170,1,1,155,2,90,5,5,0,0,Not Good,Golem,Bajarl,31
999,3,110,4,4,999,5,170,1,1,175,3,110,4,5,1,0,Not Good,Golem,Joker,32
999,3,110,4,4,999,5,170,1,1,261,5,170,1,1,0,1,Not Good,Hopper,Bajarl,10
999,3,110,4,4,999,4,140,2,2,155,2,90,5,5,0,0,Unsure,Golem,Dragon,32
999,3,110,4,4,999,4,140,2,2,244,4,140,2,3,0,1,Unsure,Dragon,Metalner,6
999,3,110,4,4,999,4,140,2,2,198,3,120,2,3,0,0,Unsure,Golem,Metalner,17
999,3,110,4,4,999,4,140,2,2,155,2,90,5,5,0,0,Unsure,Golem,Dragon,32
999,3,110,4,4,999,4,140,2,2,188,3,110,4,4,1,0,Unsure,Golem,Joker,17
999,3,110,4,4,999,3,130,2,2,122,1,70,5,5,0,0,Up to You,Golem,Golem,59
999,3,110,4,4,999,3,130,2,2,235,3,130,2,2,0,1,Up to You,Ducken,Golem,4
999,3,110,4,4,999,3,130,2,2,176,3,110,4,4,1,0,Up to You,Golem,Joker,35
999,3,110,4,4,999,3,130,2,2,176,3,110,4,4,1,0,Up to You,Golem,Joker,35
999,3,110,4,4,999,3,130,2,2,122,1,70,5,5,0,0,Up to You,Golem,Golem,59
999,3,110,4,4,999,4,130,2,2,212,3,120,4,4,0,0,Not Good,Naga,Golem,10
999,3,110,4,4,999,4,130,2,2,149,2,70,5,5,0,0,Not Good,Golem,Suezo,17
999,3,110,4,4,999,4,130,2,2,136,2,70,4,4,0,0,Not Good,Golem,Naga,34
999,3,110,4,4,999,4,130,2,2,189,3,110,4,4,1,0,Not Good,Golem,Joker,17
999,3,110,4,4,999,4,130,2,2,136,2,70,4,4,0,0,Not Good,Golem,Naga,34
999,3,120,3,3,850,3,110,4,4,182,3,120,3,3,1,0,Fine,Jell,Monol,39
999,3,120,3,3,850,3,110,4,4,174,2,100,5,5,0,0,Fine,Monol,Monol,15
999,3,120,3,3,850,3,110,4,4,196,3,110,3,3,0,0,Fine,Durahan,Durahan,12
999,3,120,3,3,850,3,110,4,4,182,3,120,3,3,1,0,Fine,Jell,Monol,39
999,3,120,3,3,850,3,110,4,4,184,3,110,4,5,0,1,Fine,Durahan,Phoenix,17
999,3,120,3,3,581,4,140,2,4,106,3,30,6,5,0,0,Fine,Arrowhead,Arrowhead,9
999,3,120,3,3,581,4,140,2,4,185,4,120,3,3,0,0,Fine,Jell,Jell,19
999,3,120,3,3,581,4,140,2,4,106,3,30,6,5,0,0,Fine,Arrowhead,Arrowhead,9
999,3,120,3,3,581,4,140,2,4,174,3,120,3,3,1,0,Fine,Jell,Monol,44
999,3,120,3,3,581,4,140,2,4,216,4,140,2,2,0,1,Fine,Arrowhead,Joker,11
999,3,120,3,3,999,3,110,4,4,212,3,120,3,3,1,0,Fine,Jell,Monol,12
999,3,120,3,3,999,3,110,4,4,199,3,120,3,3,0,0,Fine,Jell,Golem,22
999,3,120,3,3,999,3,110,4,4,202,3,110,4,4,0,1,Fine,Golem,Joker,10
999,3,120,3,3,999,3,110,4,4,132,1,40,6,6,0,0,Fine,Golem,Monol,10
999,3,120,3,3,999,3,110,4,4,149,2,70,5,5,0,0,Fine,Golem,Jell,19
999,3,120,3,3,999,3,110,4,4,225,3,120,3,3,0,0,Unsure,Monol,Suezo,5
999,3,120,3,3,999,3,110,4,4,212,3,120,3,3,1,0,Unsure,Jell,Monol,11
999,3,120,3,3,999,3,110,4,4,225,3,120,3,3,0,0,Unsure,Monol,Suezo,5
999,3,120,3,3,999,3,110,4,4,209,4,130,2,2,0,0,Unsure,Jell,Worm,21
999,3,120,3,3,999,3,110,4,4,222,3,130,2,2,0,0,Unsure,Worm,Jell,10
999,3,120,3,3,999,5,170,1,1,253,4,150,1,1,0,0,Unsure,Tiger,Monol,5
999,3,120,3,3,999,5,170,1,1,250,5,160,1,1,0,0,Unsure,Tiger,Jell,10
999,3,120,3,3,999,5,170,1,1,276,5,160,1,1,0,0,Unsure,Tiger,Tiger,3
999,3,120,3,3,999,5,170,1,1,223,3,120,3,3,0,0,Unsure,Pixie,Monol,4
999,3,120,3,3,999,5,170,1,1,190,3,100,5,4,0,0,Unsure,Monol,Tiger,10
999,3,120,3,3,999,5,170,1,1,247,5,170,1,1,0,1,Up to You,Hopper,Bajarl,19
999,3,120,3,3,999,5,170,1,1,184,3,120,3,3,1,0,Up to You,Jell,Monol,38
999,3,120,3,3,999,5,170,1,1,190,2,100,5,5,0,0,Up to You,Monol,Monol,14
999,3,120,3,3,999,5,170,1,1,247,5,170,1,1,0,1,Up to You,Hopper,Bajarl,19
999,3,120,3,3,999,5,170,1,1,184,3,120,3,3,1,0,Up to You,Jell,Monol,38
999,3,120,3,3,999,4,140,2,2,198,3,120,4,4,0,0,Not Good,Dragon,Monol,18
999,3,120,3,3,999,4,140,2,2,218,4,140,2,2,0,1,Not Good,Dragon,Metalner,18
999,3,120,3,3,999,4,140,2,2,198,3,120,3,3,1,0,Not Good,Jell,Monol,29
999,3,120,3,3,999,4,140,2,2,211,4,120,3,3,0,0,Not Good,Jell,Jell,13
999,3,120,3,3,999,4,140,2,2,218,4,140,2,2,0,1,Not Good,Dragon,Metalner,18
999,3,120,3,3,999,3,130,2,2,198,3,120,3,3,1,0,Up to You,Jell,Monol,19
999,3,120,3,3,999,3,130,2,2,247,3,130,2,2,0,1,Up to You,Ducken,Golem,2
999,3,120,3,3,999,3,130,2,2,198,3,120,3,3,0,0,Up to You,Jell,Golem,19
999,3,120,3,3,999,3,130,2,2,204,2,100,5,5,0,0,Up to You,Monol,Monol,7
999,3,120,3,3,999,3,130,2,2,161,1,70,5,5,0,0,Up to You,Golem,Golem,9
999,3,120,3,3,999,4,130,2,2,241,4,150,1,1,0,0,Not Good,Naga,Jell,10
999,3,120,3,3,999,4,130,2,2,198,4,120,3,2,0,0,Not Good,Jell,Naga,21
999,3,120,3,3,999,4,130,2,2,221,4,130,2,2,0,0,Not Good,Jell,Suezo,11
999,3,120,3,3,999,4,130,2,2,217,3,100,4,4,0,0,Not Good,Suezo,Monol,3
999,3,120,3,3,999,4,130,2,2,211,3,120,3,3,1,0,Not Good,Jell,Monol,11
999,3,110,4,4,850,3,110,4,4,378,3,110,4,2,1,0,Good,Worm,Suezo,39
999,3,110,4,4,850,3,110,4,4,205,4,130,2,2,0,0,Good,Suezo,Suezo,15
999,3,110,4,4,850,3,110,4,4,374,3,110,4,3,1,0,Good,Worm,Suezo,39
999,3,110,4,4,850,3,110,4,4,195,3,120,2,2,0,0,Good,Worm,Worm,17
999,3,110,4,4,850,3,110,4,4,447,3,110,4,2,0,1,Good,Durahan,Phoenix,17
999,3,110,4,4,581,4,140,2,4,357,3,110,4,3,1,0,Good,Worm,Suezo,40
999,3,110,4,4,581,4,140,2,4,342,3,110,4,3,1,0,Good,Worm,Suezo,40
999,3,110,4,4,581,4,140,2,4,217,4,140,2,2,0,1,Good,Arrowhead,Joker,10
999,3,110,4,4,581,4,140,2,4,186,3,120,2,3,0,0,Good,Worm,Worm,17
999,3,110,4,4,581,4,140,2,4,196,4,130,2,2,0,0,Good,Suezo,Suezo,15
999,3,110,4,4,999,3,110,4,4,532,3,110,4,3,0,1,Good,Golem,Joker,10
999,3,110,4,4,999,3,110,4,4,179,2,100,5,5,0,0,Good,Worm,Golem,22
999,3,110,4,4,999,3,110,4,4,169,2,90,5,5,0,0,Good,Golem,Worm,19
999,3,110,4,4,999,3,110,4,4,223,3,130,2,3,0,0,Good,Suezo,Golem,12
999,3,110,4,4,999,3,110,4,4,223,3,130,2,3,0,0,Good,Suezo,Golem,12
999,3,110,4,4,999,3,120,3,3,235,4,130,2,2,0,0,Unsure,Jell,Suezo,5
999,3,110,4,4,999,3,120,3,3,218,2,100,5,5,0,0,Unsure,Monol,Monol,3
999,3,110,4,4,999,3,120,3,3,222,4,130,2,2,0,0,Unsure,Jell,Worm,10
999,3,110,4,4,999,3,120,3,3,225,3,120,2,2,0,0,Unsure,Worm,Worm,4
999,3,110,4,4,999,3,120,3,3,222,3,130,2,2,0,0,Unsure,Worm,Monol,11
999,3,110,4,4,999,5,170,1,1,224,3,120,2,2,0,0,Up to You,Worm,Worm,4
999,3,110,4,4,999,5,170,1,1,211,4,120,2,2,0,0,Up to You,Tiger,Worm,10
999,3,110,4,4,999,5,170,1,1,208,4,130,2,2,0,0,Up to You,Worm,Tiger,18
999,3,110,4,4,999,5,170,1,1,274,5,170,1,1,0,1,Up to You,Tiger,Pixie,5
999,3,110,4,4,999,5,170,1,1,241,4,150,1,1,0,0,Up to You,Pixie,Worm,8
999,3,110,4,4,999,5,170,1,1,221,4,130,2,2,0,0,Up to You,Suezo,Suezo,12
999,3,110,4,4,999,5,170,1,1,248,5,170,1,1,0,1,Up to You,Hopper,Bajarl,16
999,3,110,4,4,999,5,170,1,1,175,3,110,4,4,1,0,Up to You,Worm,Suezo,32
999,3,110,4,4,999,5,170,1,1,238,5,160,1,1,0,0,Up to You,Hopper,Suezo,16
999,3,110,4,4,999,5,170,1,1,251,5,160,1,1,0,0,Up to You,Hopper,Hopper,11
999,3,110,4,4,999,4,140,2,2,175,3,110,4,4,1,0,Not Good,Worm,Suezo,36
999,3,110,4,4,999,4,140,2,2,221,4,130,2,3,0,0,Not Good,Suezo,Suezo,14
999,3,110,4,4,999,4,140,2,2,211,3,120,3,3,0,0,Not Good,Dragon,Dragon,14
999,3,110,4,4,999,4,140,2,2,175,3,110,4,4,1,0,Not Good,Worm,Suezo,36
999,3,110,4,4,999,4,140,2,2,218,4,140,2,3,0,1,Not Good,Dragon,Metalner,21
999,3,110,4,4,999,3,130,2,2,189,3,110,4,4,1,0,Up to You,Worm,Suezo,19
999,3,110,4,4,999,3,130,2,2,162,1,70,5,5,0,0,Up to You,Golem,Golem,9
999,3,110,4,4,999,3,130,2,2,248,3,130,2,2,0,1,Up to You,Ducken,Golem,2
999,3,110,4,4,999,3,130,2,2,179,2,100,5,5,0,0,Up to You,Worm,Golem,18
999,3,110,4,4,999,3,130,2,2,162,2,70,5,5,0,0,Up to You,Golem,Suezo,8
999,3,110,4,4,999,4,130,2,2,189,3,110,3,3,0,0,Unsure,Worm,Naga,21
999,3,110,4,4,999,4,130,2,2,242,4,150,1,1,0,0,Unsure,Suezo,Naga,10
999,3,110,4,4,999,4,130,2,2,189,3,110,4,4,1,0,Unsure,Worm,Suezo,21
999,3,110,4,4,999,4,130,2,2,209,4,130,2,2,0,0,Unsure,Suezo,Suezo,16
999,3,110,4,4,999,4,130,2,2,235,4,130,2,2,0,0,Unsure,Suezo,Worm,5
999,5,170,1,1,850,3,110,4,4,241,5,170,1,1,1,0,Up to You,Tiger,Pixie,19
999,5,170,1,1,850,3,110,4,4,209,4,150,1,1,0,0,Up to You,Pixie,Durahan,30
999,5,170,1,1,850,3,110,4,4,205,3,110,4,4,0,1,Up to You,Durahan,Phoenix,7
999,5,170,1,1,850,3,110,4,4,211,4,140,1,1,0,0,Up to You,Durahan,Tiger,15
999,5,170,1,1,850,3,110,4,4,233,4,150,2,2,0,0,Up to You,Pixie,Pixie,10
999,5,170,1,1,581,4,140,2,4,212,4,150,2,2,0,0,Up to You,Pixie,Joker,26
999,5,170,1,1,581,4,140,2,4,212,4,150,2,2,0,0,Up to You,Pixie,Pixie,17
999,5,170,1,1,581,4,140,2,4,222,5,170,1,1,1,0,Up to You,Tiger,Pixie,30
999,5,170,1,1,581,4,140,2,4,222,5,170,1,1,1,0,Up to You,Tiger,Pixie,30
999,5,170,1,1,581,4,140,2,4,212,4,140,2,2,0,1,Up to You,Arrowhead,Joker,8
999,5,170,1,1,999,3,110,4,4,186,3,110,4,4,0,0,Up to You,Tiger,Golem,19
999,5,170,1,1,999,3,110,4,4,196,3,120,3,3,0,0,Up to You,Pixie,Golem,17
999,5,170,1,1,999,3,110,4,4,258,5,170,1,1,1,0,Up to You,Tiger,Pixie,10
999,5,170,1,1,999,3,110,4,4,171,1,70,5,5,0,0,Up to You,Golem,Golem,5
999,5,170,1,1,999,3,110,4,4,238,4,150,2,2,0,0,Up to You,Pixie,Joker,8
999,5,170,1,1,999,3,120,3,3,220,3,120,3,4,0,1,Unsure,Jell,Monol,5
999,5,170,1,1,999,3,120,3,3,258,5,170,1,1,1,0,Unsure,Tiger,Pixie,9
999,5,170,1,1,999,3,120,3,3,235,5,160,1,1,0,0,Unsure,Tiger,Jell,18
999,5,170,1,1,999,3,120,3,3,258,5,170,1,1,1,0,Unsure,Tiger,Pixie,9
999,5,170,1,1,999,3,120,3,3,238,4,150,1,1,0,0,Unsure,Tiger,Monol,9
999,5,170,1,1,999,3,110,4,4,196,4,120,2,2,0,0,Up to You,Tiger,Worm,18
999,5,170,1,1,999,3,110,4,4,226,4,150,1,1,0,0,Up to You,Pixie,Worm,15
999,5,170,1,1,999,3,110,4,4,258,5,170,1,1,0,0,Up to You,Tiger,Suezo,9
999,5,170,1,1,999,3,110,4,4,221,3,120,3,3,0,0,Up to You,Worm,Pixie,5
999,5,170,1,1,999,3,110,4,4,238,4,150,2,2,0,0,Up to You,Pixie,Suezo,8
999,5,170,1,1,999,5,170,1,1,487,5,180,1,1,0,0,Good,Hopper,Tiger,19
999,5,170,1,1,999,5,170,1,1,473,5,170,1,1,1,0,Good,Tiger,Pixie,19
999,5,170,1,1,999,5,170,1,1,401,5,170,1,1,0,0,Good,Hopper,Pixie,10
999,5,170,1,1,999,5,170,1,1,552,5,170,1,1,0,1,Good,Hopper,Bajarl,10
999,5,170,1,1,999,5,170,1,1,477,5,170,1,1,1,0,Good,Tiger,Pixie,19
999,5,170,1,1,999,4,140,2,2,257,5,170,1,1,1,0,Up to You,Tiger,Pixie,14
999,5,170,1,1,999,4,140,2,2,215,4,140,2,2,0,0,Up to You,Pixie,Dragon,23
999,5,170,1,1,999,4,140,2,2,260,5,160,1,1,0,0,Up to You,Tiger,Tiger,6
999,5,170,1,1,999,4,140,2,2,227,4,140,2,2,0,1,Up to You,Dragon,Metalner,8
999,5,170,1,1,999,4,140,2,2,237,4,150,1,1,0,0,Up to You,Pixie,Metalner,12
999,5,170,1,1,999,3,130,2,2,245,5,170,1,2,1,0,Not Good,Tiger,Pixie,18
999,5,170,1,1,999,3,130,2,2,238,4,150,2,2,0,0,Not Good,Pixie,Pixie,9
999,5,170,1,1,999,3,130,2,2,205,3,130,2,2,0,0,Not Good,Golem,Tiger,15
999,5,170,1,1,999,3,130,2,2,245,5,170,1,1,1,0,Not Good,Tiger,Pixie,18
999,5,170,1,1,999,3,130,2,2,195,3,120,3,3,0,0,Not Good,Pixie,Golem,15
999,5,170,1,1,999,4,130,2,2,230,4,130,2,2,0,1,Up to You,Naga,Suezo,5
999,5,170,1,1,999,4,130,2,2,225,4,150,1,1,0,0,Up to You,Pixie,Naga,15
999,5,170,1,1,999,4,130,2,2,263,4,150,2,2,0,0,Up to You,Naga,Naga,3
999,5,170,1,1,999,4,130,2,2,260,5,160,1,1,0,0,Up to You,Tiger,Tiger,4
999,5,170,1,1,999,4,130,2,2,250,4,150,2,2,0,0,Up to You,Pixie,Pixie,5
999,5,170,1,1,850,3,110,4,4,181,3,110,4,5,0,1,Not Good,Durahan,Phoenix,20
999,5,170,1,1,850,3,110,4,4,193,3,110,3,3,0,0,Not Good,Durahan,Durahan,14
999,5,170,1,1,850,3,110,4,4,181,3,110,4,5,0,1,Not Good,Durahan,Phoenix,20
999,5,170,1,1,850,3,110,4,4,229,5,170,1,1,1,0,Not Good,Hopper,Bajarl,46
999,5,170,1,1,850,3,110,4,4,229,5,170,1,1,1,0,Not Good,Hopper,Bajarl,46
999,5,170,1,1,581,4,140,2,4,212,5,160,1,1,0,0,Not Good,Hopper,Joker,35
999,5,170,1,1,581,4,140,2,4,212,4,140,2,2,0,1,Not Good,Arrowhead,Joker,9
999,5,170,1,1,581,4,140,2,4,222,5,170,1,1,1,0,Not Good,Hopper,Bajarl,35
999,5,170,1,1,581,4,140,2,4,222,5,170,1,1,1,0,Not Good,Hopper,Bajarl,35
999,5,170,1,1,581,4,140,2,4,232,5,160,1,1,0,0,Not Good,Hopper,Hopper,14
999,5,170,1,1,999,3,110,4,4,186,3,110,4,5,0,1,Not Good,Golem,Joker,18
999,5,170,1,1,999,3,110,4,4,248,5,160,1,1,0,0,Not Good,Hopper,Hopper,9
999,5,170,1,1,999,3,110,4,4,158,1,70,5,5,0,0,Not Good,Golem,Golem,11
999,5,170,1,1,999,3,110,4,4,236,5,160,1,1,0,0,Not Good,Hopper,Joker,22
999,5,170,1,1,999,3,110,4,4,246,5,170,1,1,1,0,Not Good,Hopper,Bajarl,22
999,5,170,1,1,999,3,120,3,3,233,5,170,1,1,1,0,Up to You,Hopper,Bajarl,39
999,5,170,1,1,999,3,120,3,3,188,2,100,5,5,0,0,Up to You,Monol,Monol,11
999,5,170,1,1,999,3,120,3,3,235,5,160,1,1,0,0,Up to You,Hopper,Hopper,16
999,5,170,1,1,999,3,120,3,3,195,3,120,3,3,0,1,Up to You,Jell,Monol,21
999,5,170,1,1,999,3,120,3,3,195,3,120,3,3,0,1,Up to You,Jell,Monol,21
999,5,170,1,1,999,3,110,4,4,246,5,170,1,1,1,0,Up to You,Hopper,Bajarl,28
999,5,170,1,1,999,3,110,4,4,236,5,160,1,1,0,0,Up to You,Hopper,Suezo,28
999,5,170,1,1,999,3,110,4,4,186,3,110,4,4,0,1,Up to You,Worm,Suezo,15
999,5,170,1,1,999,3,110,4,4,186,3,110,4,4,0,1,Up to You,Worm,Suezo,15
999,5,170,1,1,999,3,110,4,4,208,3,120,2,2,0,0,Up to You,Worm,Worm,9
999,5,170,1,1,999,5,170,1,1,610,5,160,1,1,0,0,Good,Tiger,Tiger,5
999,5,170,1,1,999,5,170,1,1,503,5,170,1,1,1,0,Good,Hopper,Bajarl,17
999,5,170,1,1,999,5,170,1,1,378,5,170,1,1,0,0,Good,Hopper,Pixie,16
999,5,170,1,1,999,5,170,1,1,610,5,160,1,1,0,0,Good,Tiger,Tiger,5
999,5,170,1,1,999,5,170,1,1,249,4,150,2,2,0,0,Good,Pixie,Pixie,7
999,5,170,1,1,999,4,140,2,2,222,4,160,1,1,0,0,Up to You,Hopper,Dragon,33
999,5,170,1,1,999,4,140,2,2,207,3,120,3,3,0,0,Up to You,Dragon,Bajarl,10
999,5,170,1,1,999,4,140,2,2,227,4,140,2,2,0,1,Up to You,Dragon,Metalner,10
999,5,170,1,1,999,4,140,2,2,245,5,170,1,1,1,0,Up to You,Hopper,Bajarl,17
999,5,170,1,1,999,4,140,2,2,245,5,170,1,1,1,0,Up to You,Hopper,Bajarl,17
999,5,170,1,1,999,3,130,2,2,145,1,70,5,5,0,0,Not Good,Golem,Golem,18
999,5,170,1,1,999,3,130,2,2,165,2,90,5,5,0,0,Not Good,Golem,Bajarl,17
999,5,170,1,1,999,3,130,2,2,233,5,170,1,1,1,0,Not Good,Hopper,Bajarl,40
999,5,170,1,1,999,3,130,2,2,233,5,170,1,1,1,0,Not Good,Hopper,Bajarl,40
999,5,170,1,1,999,3,130,2,2,235,5,160,1,1,0,0,Not Good,Hopper,Hopper,17
999,5,170,1,1,999,4,130,2,2,218,4,130,2,2,0,0,Up to You,Suezo,Suezo,8
999,5,170,1,1,999,4,130,2,2,205,4,130,2,2,0,1,Up to You,Naga,Suezo,15
999,5,170,1,1,999,4,130,2,2,245,5,170,1,1,1,0,Up to You,Hopper,Bajarl,28
999,5,170,1,1,999,4,130,2,2,235,5,160,1,1,0,0,Up to You,Hopper,Suezo,28
999,5,170,1,1,999,4,130,2,2,235,5,160,1,1,0,0,Up to You,Hopper,Suezo,28
999,4,140,2,2,850,3,110,4,4,181,3,120,4,4,0,0,Unsure,Dragon,Durahan,39
999,4,140,2,2,850,3,110,4,4,213,4,140,2,3,1,0,Unsure,Dragon,Metalner,20
999,4,140,2,2,850,3,110,4,4,195,3,110,4,4,0,0,Unsure,Durahan,Dragon,14
999,4,140,2,2,850,3,110,4,4,213,4,140,2,3,1,0,Unsure,Dragon,Metalner,20
999,4,140,2,2,850,3,110,4,4,237,4,140,2,3,0,0,Unsure,Durahan,Metalner,7
999,4,140,2,2,581,4,140,2,4,204,4,140,2,3,1,0,Unsure,Dragon,Metalner,21
999,4,140,2,2,581,4,140,2,4,173,3,120,4,4,0,0,Unsure,Dragon,Arrowhead,42
999,4,140,2,2,581,4,140,2,4,204,4,140,2,3,0,0,Unsure,Dragon,Joker,21
999,4,140,2,2,581,4,140,2,4,204,4,140,2,3,1,0,Unsure,Dragon,Metalner,21
999,4,140,2,2,581,4,140,2,4,225,4,140,2,2,0,1,Unsure,Arrowhead,Joker,4
999,4,140,2,2,999,3,110,4,4,158,2,80,6,6,0,0,Unsure,Dragon,Golem,26
999,4,140,2,2,999,3,110,4,4,224,3,120,3,3,0,0,Unsure,Dragon,Dragon,5
999,4,140,2,2,999,3,110,4,4,168,2,90,5,5,0,0,Unsure,Golem,Dragon,19
999,4,140,2,2,999,3,110,4,4,231,4,140,2,3,1,0,Unsure,Dragon,Metalner,13
999,4,140,2,2,999,3,110,4,4,201,3,110,4,4,0,1,Unsure,Golem,Joker,9
999,4,140,2,2,999,3,120,3,3,204,4,140,2,2,1,0,Not Good,Dragon,Metalner,30
999,4,140,2,2,999,3,120,3,3,210,4,120,3,3,0,0,Not Good,Jell,Jell,9
999,4,140,2,2,999,3,120,3,3,197,3,120,4,4,0,0,Not Good,Dragon,Monol,29
999,4,140,2,2,999,3,120,3,3,204,4,140,2,2,1,0,Not Good,Dragon,Metalner,30
999,4,140,2,2,999,3,120,3,3,210,4,120,3,3,0,0,Not Good,Jell,Jell,9
999,4,140,2,2,999,3,110,4,4,205,4,140,2,3,1,0,Not Good,Dragon,Metalner,42
999,4,140,2,2,999,3,110,4,4,198,3,120,3,3,0,0,Not Good,Dragon,Dragon,17
999,4,140,2,2,999,3,110,4,4,205,4,140,2,3,1,0,Not Good,Dragon,Metalner,42
999,4,140,2,2,999,3,110,4,4,221,4,130,2,3,0,0,Not Good,Suezo,Suezo,11
999,4,140,2,2,999,3,110,4,4,211,3,120,2,2,0,0,Not Good,Worm,Worm,12
999,4,140,2,2,999,5,170,1,1,196,3,120,3,3,0,0,Up to You,Dragon,Pixie,15
999,4,140,2,2,999,5,170,1,1,216,4,140,2,2,1,0,Up to You,Dragon,Metalner,16
999,4,140,2,2,999,5,170,1,1,193,4,130,3,3,0,0,Up to You,Dragon,Tiger,30
999,4,140,2,2,999,5,170,1,1,261,5,160,1,1,0,0,Up to You,Tiger,Tiger,4
999,4,140,2,2,999,5,170,1,1,271,5,170,1,1,0,1,Up to You,Tiger,Pixie,7
999,4,140,2,2,999,5,170,1,1,196,3,120,3,3,0,0,Up to You,Dragon,Bajarl,22
999,4,140,2,2,999,5,170,1,1,208,3,120,3,3,0,0,Up to You,Dragon,Dragon,9
999,4,140,2,2,999,5,170,1,1,261,5,160,1,1,0,0,Up to You,Hopper,Hopper,7
999,4,140,2,2,999,5,170,1,1,248,5,160,1,1,0,0,Up to You,Hopper,Metalner,10
999,4,140,2,2,999,5,170,1,1,236,4,160,1,1,0,0,Up to You,Hopper,Dragon,20
999,4,140,2,2,999,3,130,2,2,160,1,70,5,5,0,0,Fine,Golem,Golem,10
999,4,140,2,2,999,3,130,2,2,167,2,90,5,5,0,0,Fine,Golem,Dragon,18
999,4,140,2,2,999,3,130,2,2,305,4,140,2,1,1,0,Fine,Dragon,Metalner,24
999,4,140,2,2,999,3,130,2,2,434,4,140,1,1,0,0,Fine,Ducken,Ducken,3
999,4,140,2,2,999,3,130,2,2,341,4,140,2,1,1,0,Fine,Dragon,Metalner,24
999,4,140,2,2,999,4,130,2,2,197,3,120,3,3,0,0,Unsure,Dragon,Dragon,17
999,4,140,2,2,999,4,130,2,2,367,4,130,2,1,0,1,Unsure,Naga,Suezo,18
999,4,140,2,2,999,4,130,2,2,342,4,140,2,1,1,0,Unsure,Dragon,Metalner,42
999,4,140,2,2,999,4,130,2,2,357,4,130,2,1,0,1,Unsure,Naga,Suezo,18
999,4,140,2,2,999,4,130,2,2,367,4,130,2,1,0,1,Unsure,Naga,Suezo,18
999,3,130,2,2,850,3,110,4,4,141,2,80,5,5,0,0,Up to You,Golem,Durahan,45
999,3,130,2,2,850,3,110,4,4,196,3,110,4,4,0,1,Up to You,Durahan,Phoenix,11
999,3,130,2,2,850,3,110,4,4,176,2,90,5,5,0,0,Up to You,Durahan,Golem,11
999,3,130,2,2,850,3,110,4,4,141,2,80,5,5,0,0,Up to You,Golem,Durahan,45
999,3,130,2,2,850,3,110,4,4,238,4,140,1,2,0,0,Up to You,Ducken,Ducken,6
999,3,130,2,2,581,4,140,2,4,226,4,140,1,2,0,0,Up to You,Ducken,Ducken,5
999,3,130,2,2,581,4,140,2,4,134,2,80,5,5,0,0,Up to You,Golem,Arrowhead,40
999,3,130,2,2,581,4,140,2,4,174,3,110,4,5,0,0,Up to You,Golem,Joker,21
999,3,130,2,2,581,4,140,2,4,136,2,50,6,6,0,0,Up to You,Arrowhead,Golem,6
999,3,130,2,2,581,4,140,2,4,116,3,30,6,4,0,0,Up to You,Arrowhead,Arrowhead,5
999,3,130,2,2,999,3,110,4,4,122,1,70,5,5,0,0,Up to You,Golem,Golem,60
999,3,130,2,2,999,3,110,4,4,188,3,110,4,4,0,1,Up to You,Golem,Joker,28
999,3,130,2,2,999,3,110,4,4,122,1,70,5,5,0,0,Up to You,Golem,Golem,60
999,3,130,2,2,999,3,110,4,4,122,1,70,5,5,0,0,Up to You,Golem,Golem,60
999,3,130,2,2,999,3,110,4,4,188,3,110,4,4,0,1,Up to You,Golem,Joker,28
999,3,130,2,2,999,3,120,3,3,135,2,70,5,5,0,0,Up to You,Golem,Jell,31
999,3,130,2,2,999,3,120,3,3,204,2,100,5,5,0,0,Up to You,Monol,Monol,6
999,3,130,2,2,999,3,120,3,3,224,4,120,3,3,0,0,Up to You,Jell,Jell,6
999,3,130,2,2,999,3,120,3,3,204,2,100,4,4,0,0,Up to You,Monol,Golem,5
999,3,130,2,2,999,3,120,3,3,211,3,120,3,3,0,1,Up to You,Jell,Monol,9
999,3,130,2,2,999,3,110,4,4,161,1,70,5,5,0,0,Up to You,Golem,Golem,10
999,3,130,2,2,999,3,110,4,4,244,4,140,1,2,0,0,Up to You,Ducken,Ducken,4
999,3,130,2,2,999,3,110,4,4,234,4,130,2,2,0,0,Up to You,Suezo,Suezo,5
999,3,130,2,2,999,3,110,4,4,155,2,90,5,5,0,0,Up to You,Golem,Worm,31
999,3,130,2,2,999,3,110,4,4,148,2,70,5,5,0,0,Up to You,Golem,Suezo,15
999,3,130,2,2,999,5,170,1,1,206,3,130,2,2,0,0,Not Good,Golem,Tiger,29
999,3,130,2,2,999,5,170,1,1,159,1,70,5,5,0,0,Not Good,Golem,Golem,10
999,3,130,2,2,999,5,170,1,1,262,5,160,1,2,0,0,Not Good,Tiger,Tiger,6
999,3,130,2,2,999,5,170,1,1,159,1,70,5,5,0,0,Not Good,Golem,Golem,10
999,3,130,2,2,999,5,170,1,1,156,2,80,5,5,0,0,Not Good,Golem,Pixie,15
999,3,130,2,2,999,5,170,1,1,154,2,90,5,5,0,0,Not Good,Golem,Bajarl,32
999,3,130,2,2,999,5,170,1,1,246,5,170,1,1,0,1,Not Good,Hopper,Bajarl,19
999,3,130,2,2,999,5,170,1,1,249,5,160,1,1,0,0,Not Good,Hopper,Hopper,13
999,3,130,2,2,999,5,170,1,1,146,1,70,5,5,0,0,Not Good,Golem,Golem,22
999,3,130,2,2,999,5,170,1,1,146,1,70,5,5,0,0,Not Good,Golem,Golem,22
999,3,130,2,2,999,4,140,2,2,170,2,80,6,6,0,0,Fine,Dragon,Golem,12
999,3,130,2,2,999,4,140,2,2,154,2,90,5,5,0,0,Fine,Golem,Dragon,33
999,3,130,2,2,999,4,140,2,2,197,3,120,2,3,0,0,Fine,Golem,Metalner,17
999,3,130,2,2,999,4,140,2,2,589,3,130,2,1,1,0,Fine,Ducken,Golem,3
999,3,130,2,2,999,4,140,2,2,170,2,80,6,6,0,0,Fine,Dragon,Golem,12
999,3,130,2,2,999,4,130,2,2,135,2,70,4,4,0,0,Unsure,Golem,Naga,31
999,3,130,2,2,999,4,130,2,2,148,2,70,5,5,0,0,Unsure,Golem,Suezo,15
999,3,130,2,2,999,4,130,2,2,211,3,120,4,4,0,0,Unsure,Naga,Golem,9
999,3,130,2,2,999,4,130,2,2,400,4,130,2,1,0,0,Unsure,Suezo,Suezo,5
999,3,130,2,2,999,4,130,2,2,135,2,70,4,4,0,0,Unsure,Golem,Naga,31
999,4,130,2,2,850,3,110,4,4,191,4,130,2,2,1,0,Not Good,Naga,Suezo,39
999,4,130,2,2,850,3,110,4,4,223,4,150,2,2,0,0,Not Good,Naga,Naga,17
999,4,130,2,2,850,3,110,4,4,191,4,130,2,2,1,0,Not Good,Naga,Suezo,39
999,4,130,2,2,850,3,110,4,4,203,4,130,2,2,0,0,Not Good,Suezo,Suezo,15
999,4,130,2,2,850,3,110,4,4,183,3,110,4,4,0,1,Not Good,Durahan,Phoenix,17
999,4,130,2,2,581,4,140,2,4,184,4,130,2,2,1,0,Not Good,Naga,Suezo,40
999,4,130,2,2,581,4,140,2,4,184,4,130,2,2,1,0,Not Good,Naga,Suezo,40
999,4,130,2,2,581,4,140,2,4,105,3,30,6,5,0,0,Not Good,Arrowhead,Arrowhead,8
999,4,130,2,2,581,4,140,2,4,215,4,140,2,2,0,1,Not Good,Arrowhead,Joker,10
999,4,130,2,2,581,4,140,2,4,214,4,150,2,2,0,0,Not Good,Naga,Naga,17
999,4,130,2,2,999,3,110,4,4,148,2,70,4,4,0,0,Not Good,Golem,Naga,19
999,4,130,2,2,999,3,110,4,4,201,3,110,4,4,0,1,Not Good,Golem,Joker,10
999,4,130,2,2,999,3,110,4,4,221,4,130,2,2,1,0,Not Good,Naga,Suezo,12
999,4,130,2,2,999,3,110,4,4,198,3,120,4,4,0,0,Not Good,Naga,Golem,22
999,4,130,2,2,999,3,110,4,4,148,2,70,4,4,0,0,Not Good,Golem,Naga,19
999,4,130,2,2,999,3,120,3,3,221,4,130,2,2,1,0,Not Good,Naga,Suezo,11
999,4,130,2,2,999,3,120,3,3,237,4,120,3,3,0,0,Not Good,Jell,Jell,3
999,4,130,2,2,999,3,120,3,3,221,4,130,2,2,1,0,Not Good,Naga,Suezo,11
999,4,130,2,2,999,3,120,3,3,228,4,150,1,1,0,0,Not Good,Naga,Jell,21
999,4,130,2,2,999,3,120,3,3,201,3,110,4,4,0,0,Not Good,Naga,Monol,11
999,4,130,2,2,999,3,110,4,4,208,4,130,2,3,1,0,Unsure,Naga,Suezo,21
999,4,130,2,2,999,3,110,4,4,201,3,110,4,4,0,1,Unsure,Worm,Suezo,10
999,4,130,2,2,999,3,110,4,4,228,4,150,1,1,0,0,Unsure,Naga,Worm,21
999,4,130,2,2,999,3,110,4,4,208,4,130,2,3,1,0,Unsure,Naga,Suezo,21
999,4,130,2,2,999,3,110,4,4,208,4,130,2,2,0,0,Unsure,Suezo,Suezo,16
999,4,130,2,2,999,5,170,1,1,279,5,190,1,1,0,0,Up to You,Tiger,Naga,10
999,4,130,2,2,999,5,170,1,1,229,4,140,1,1,0,0,Up to You,Naga,Pixie,10
999,4,130,2,2,999,5,170,1,1,272,5,170,1,1,0,0,Up to You,Tiger,Suezo,5
999,4,130,2,2,999,5,170,1,1,219,4,130,2,2,0,0,Up to You,Suezo,Tiger,10
999,4,130,2,2,999,5,170,1,1,252,4,150,2,2,0,0,Up to You,Naga,Naga,4
999,4,130,2,2,999,5,170,1,1,194,4,130,2,2,1,0,Up to You,Naga,Suezo,32
999,4,130,2,2,999,5,170,1,1,236,5,160,1,1,0,0,Up to You,Hopper,Suezo,16
999,4,130,2,2,999,5,170,1,1,246,5,170,1,1,0,1,Up to You,Hopper,Bajarl,16
999,4,130,2,2,999,5,170,1,1,194,4,130,2,2,1,0,Up to You,Naga,Suezo,32
999,4,130,2,2,999,5,170,1,1,219,4,130,2,2,0,0,Up to You,Suezo,Suezo,12
999,4,130,2,2,999,4,140,2,2,307,4,130,2,1,1,0,Unsure,Naga,Suezo,36
999,4,130,2,2,999,4,140,2,2,311,4,130,2,1,1,0,Unsure,Naga,Suezo,36
999,4,130,2,2,999,4,140,2,2,354,4,130,2,1,0,0,Unsure,Suezo,Suezo,14
999,4,130,2,2,999,4,140,2,2,378,4,140,2,1,0,1,Unsure,Dragon,Metalner,21
999,4,130,2,2,999,4,140,2,2,373,4,140,2,1,0,1,Unsure,Dragon,Metalner,21
999,4,130,2,2,999,3,130,2,2,161,1,70,5,5,0,0,Unsure,Golem,Golem,9
999,4,130,2,2,999,3,130,2,2,148,2,70,4,4,0,0,Unsure,Golem,Naga,16
999,4,130,2,2,999,3,130,2,2,379,4,130,2,1,0,0,Unsure,Suezo,Suezo,7
999,4,130,2,2,999,3,130,2,2,348,4,130,2,1,1,0,Unsure,Naga,Suezo,19
999,4,130,2,2,999,3,130,2,2,148,2,70,4,4,0,0,Unsure,Golem,Naga,16
937,3,100,4,3,999,3,110,3,2,212,3,110,3,2,0,0,Up to You,Plant,Zuum,7
937,3,100,4,3,999,3,110,3,2,166,3,90,5,4,0,0,Up to You,Monol,Plant,28
937,3,100,4,3,999,3,110,3,2,216,3,140,1,2,0,0,Up to You,Zuum,Plant,22
937,3,100,4,3,999,3,110,3,2,209,3,120,3,2,0,0,Up to You,Plant,Monol,14
937,3,100,4,3,999,3,110,3,2,189,3,100,4,3,1,0,Up to You,Monol,Zuum,9
937,3,100,4,3,999,2,70,6,6,178,3,100,4,4,1,0,Up to You,Monol,Zuum,21
937,3,100,4,3,999,2,70,6,6,175,3,110,3,3,0,0,Up to You,Zuum,Baku,30
937,3,100,4,3,999,2,70,6,6,191,2,100,5,4,0,0,Up to You,Monol,Monol,9
937,3,100,4,3,999,2,70,6,6,174,2,70,6,6,0,1,Up to You,Baku,Kato,7
937,3,100,4,3,999,2,70,6,6,174,2,70,4,4,0,0,Up to You,Baku,Baku,5
937,3,100,4,3,996,3,120,4,2,176,3,100,4,4,1,0,Up to You,Monol,Zuum,16
937,3,100,4,3,996,3,120,4,2,228,4,140,1,1,0,0,Up to You,Zuum,Kato,12
937,3,100,4,3,996,3,120,4,2,216,4,140,1,1,0,0,Up to You,Zuum,Dragon,23
937,3,100,4,3,996,3,120,4,2,196,3,120,4,4,0,0,Up to You,Dragon,Monol,18
937,3,100,4,3,996,3,120,4,2,221,3,120,3,3,0,0,Up to You,Dragon,Dragon,6
345,3,100,3,2,240,4,150,2,2,195,4,150,2,2,0,1,Unsure,Pixie,Joker,32
345,3,100,3,2,240,4,150,2,2,257,5,190,2,1,0,0,Unsure,Joker,Joker,7
345,3,100,3,2,240,4,150,2,2,116,3,100,3,2,1,0,Unsure,Cpandora,Cpandora,21
996,3,120,4,2,240,4,150,2,2,351,4,150,2,2,0,1,Fine,Pixie,Joker,9
996,3,120,4,2,240,4,150,2,2,345,4,140,2,2,0,0,Fine,Dragon,Joker,12
996,3,120,4,2,240,4,150,2,2,193,3,120,3,3,0,0,Fine,Dragon,Dragon,5
996,3,120,4,2,240,4,150,2,2,321,4,150,2,2,0,0,Fine,Pixie,Kato,9
996,3,120,4,2,240,4,150,2,2,447,4,160,2,2,0,0,Fine,Joker,Dragon,3
996,3,120,4,2,152,3,100,4,2,163,3,100,4,4,0,1,Not Good,Wracky,Metalner,9
996,3,120,4,2,152,3,100,4,2,269,4,140,2,1,0,0,Not Good,Dragon,Metalner,25
996,3,120,4,2,152,3,100,4,2,174,3,120,4,4,1,0,Not Good,Dragon,Kato,25
996,3,120,4,2,152,3,100,4,2,183,3,120,3,3,0,0,Not Good,Dragon,Dragon,10
996,3,120,4,2,152,3,100,4,2,134,2,80,5,5,0,0,Not Good,Wracky,Dragon,18
937,3,100,4,3,240,4,150,2,2,172,3,120,3,3,0,0,Up to You,Pixie,Monol,16
937,3,100,4,3,240,4,150,2,2,210,4,140,1,1,0,0,Up to You,Zuum,Joker,7
937,3,100,4,3,240,4,150,2,2,210,4,140,1,1,0,0,Up to You,Zuum,Zuum,5
937,3,100,4,3,240,4,150,2,2,152,3,100,4,4,0,0,Up to You,Monol,Pixie,20
937,3,100,4,3,240,4,150,2,2,211,4,150,2,2,0,1,Up to You,Pixie,Joker,8
937,3,100,4,3,240,4,150,2,2,170,2,100,5,4,0,0,Up to You,Monol,Monol,4
937,3,100,4,3,240,4,150,2,2,211,4,150,1,1,0,0,Up to You,Pixie,Zuum,8
999,2,70,6,6,240,4,150,2,2,168,3,110,4,4,0,0,Not Good,Baku,Joker,15
999,2,70,6,6,240,4,150,2,2,208,4,150,2,2,0,0,Not Good,Pixie,Kato,19
999,2,70,6,6,240,4,150,2,2,217,3,140,3,3,0,0,Not Good,Kato,Kato,5
999,2,70,6,6,240,4,150,2,2,137,2,70,4,4,0,0,Not Good,Baku,Baku,8
999,2,70,6,6,240,4,150,2,2,217,4,150,2,2,0,0,Not Good,Pixie,Pixie,11
746,3,100,3,3,494,3,120,2,3,191,4,150,2,2,0,0,Unsure,Pixie,Gali,33
746,3,100,3,3,494,3,120,2,3,249,3,100,3,3,1,0,Unsure,Pixie,Wracky,16
746,3,100,3,3,494,3,120,2,3,199,4,150,1,1,0,0,Unsure,Pixie,Plant,16
746,3,100,3,3,494,3,120,2,3,283,3,120,3,2,0,0,Unsure,Gali,Pixie,10
746,3,100,3,3,494,3,120,2,3,322,3,110,3,2,0,0,Unsure,Plant,Pixie,5
746,3,100,3,3,526,1,80,5,5,163,3,120,3,2,0,0,Up to You,Pixie,Golem,30
746,3,100,3,3,526,1,80,5,5,138,1,70,5,5,0,0,Up to You,Golem,Golem,5
746,3,100,3,3,526,1,80,5,5,140,1,80,5,5,0,1,Up to You,Golem,Zilla,8
746,3,100,3,3,526,1,80,5,5,131,2,80,5,5,0,0,Up to You,Golem,Pixie,16
746,3,100,3,3,526,1,80,5,5,151,3,100,3,3,1,0,Up to You,Pixie,Wracky,16
746,3,100,3,3,426,4,150,1,5,189,4,150,2,2,0,0,Up to You,Pixie,Jell,33
746,3,100,3,3,426,4,150,1,5,196,4,150,1,1,0,0,Up to You,Pixie,Hare,16
746,3,100,3,3,426,4,150,1,5,214,4,160,1,1,0,0,Up to You,Jell,Pixie,10
746,3,100,3,3,426,4,150,1,5,212,4,150,2,2,0,0,Up to You,Pixie,Pixie,6
746,3,100,3,3,699,2,70,6,3,116,1,40,3,4,0,0,Good,Wracky,Wracky,6
746,3,100,3,3,699,2,70,6,3,207,4,150,1,1,0,0,Good,Pixie,Durahan,28
746,3,100,3,3,699,2,70,6,3,146,2,70,6,5,0,1,Good,Niton,Durahan,6
746,3,100,3,3,699,2,70,6,3,272,3,100,3,3,1,0,Good,Pixie,Wracky,28
746,3,100,3,3,699,2,70,6,3,217,4,150,2,2,0,0,Good,Pixie,Pixie,10
746,3,100,3,3,768,3,120,3,2,157,3,100,3,3,1,0,Not Good,Pixie,Wracky,16
746,3,100,3,3,768,3,120,3,2,226,4,150,2,2,0,0,Not Good,Pixie,Pixie,5
746,3,100,3,3,768,3,120,3,2,198,4,150,1,1,0,0,Not Good,Pixie,Zuum,31
746,3,100,3,3,768,3,120,3,2,207,4,140,1,1,0,0,Not Good,Zuum,Pixie,14
746,3,100,3,3,750,2,90,3,4,157,2,90,3,3,0,0,Good,Wracky,Pixie,9
746,3,100,3,3,750,2,90,3,4,98,1,40,3,4,0,0,Good,Wracky,Wracky,21
746,3,100,3,3,750,2,90,3,4,138,3,100,3,3,1,0,Good,Pixie,Wracky,55
746,3,100,3,3,484,4,130,2,1,149,3,100,3,3,1,0,Not Good,Pixie,Wracky,16
746,3,100,3,3,484,4,130,2,1,191,4,150,2,2,0,0,Not Good,Pixie,Suezo,33
746,3,100,3,3,484,4,130,2,1,215,4,150,2,2,0,0,Not Good,Pixie,Pixie,6
746,3,100,3,3,484,4,130,2,1,199,4,150,2,2,0,0,Not Good,Pixie,Tiger,16
746,3,100,3,3,494,3,120,4,4,199,4,150,2,2,0,0,Unsure,Pixie,Kato,16
746,3,100,3,3,494,3,120,4,4,149,3,100,3,3,1,0,Unsure,Pixie,Wracky,16
746,3,100,3,3,494,3,120,4,4,178,3,120,3,3,0,0,Unsure,Dragon,Pixie,11
746,3,100,3,3,494,3,120,4,4,181,4,140,2,2,0,0,Unsure,Pixie,Dragon,31
494,3,120,2,3,746,3,100,3,3,234,3,120,3,2,0,0,Unsure,Gali,Pixie,23
494,3,120,2,3,746,3,100,3,3,290,3,120,3,2,0,0,Unsure,Gali,Gali,5
494,3,120,2,3,746,3,100,3,3,245,3,100,3,3,0,1,Unsure,Pixie,Wracky,9
494,3,120,2,3,746,3,100,3,3,191,4,150,2,2,0,0,Unsure,Pixie,Gali,19
494,3,120,2,3,746,3,100,3,3,249,3,110,3,2,0,0,Unsure,Plant,Pixie,11
494,3,120,2,3,526,1,80,5,5,145,2,110,4,4,0,0,Unsure,Gali,Golem,22
494,3,120,2,3,526,1,80,5,5,121,1,80,5,5,0,1,Unsure,Golem,Zilla,10
494,3,120,2,3,526,1,80,5,5,95,2,60,5,5,0,0,Unsure,Golem,Gali,19
494,3,120,2,3,526,1,80,5,5,121,2,80,5,5,0,0,Unsure,Plant,Golem,12
494,3,120,2,3,526,1,80,5,5,161,3,120,2,3,1,0,Unsure,Gali,Plant,12
494,3,120,2,3,426,4,150,1,5,155,3,120,2,2,1,0,Up to You,Gali,Plant,11
494,3,120,2,3,426,4,150,1,5,145,4,110,3,3,0,0,Up to You,Jell,Gali,10
494,3,120,2,3,426,4,150,1,5,190,4,150,1,1,0,1,Up to You,Jell,Hare,5
494,3,120,2,3,426,4,150,1,5,180,4,140,2,2,0,0,Up to You,Jell,Plant,5
494,3,120,2,3,426,4,150,1,5,165,4,120,3,3,0,0,Up to You,Jell,Jell,3
494,3,120,2,3,426,4,150,1,5,165,3,130,2,4,0,0,Up to You,Gali,Hare,11
494,3,120,2,3,426,4,150,1,5,155,3,120,2,2,1,0,Up to You,Gali,Plant,11
494,3,120,2,3,426,4,150,1,5,140,3,110,3,4,0,0,Up to You,Gali,Jell,21
494,3,120,2,3,699,2,70,6,3,221,3,120,3,2,0,0,Not Good,Gali,Gali,16
494,3,120,2,3,699,2,70,6,3,191,2,70,3,3,0,0,Not Good,Niton,Niton,10
494,3,120,2,3,699,2,70,6,3,235,3,110,3,2,0,0,Not Good,Plant,Plant,14
494,3,120,2,3,768,3,120,3,2,188,3,140,1,2,0,0,Up to You,Zuum,Plant,9
494,3,120,2,3,768,3,120,3,2,191,4,150,1,1,0,0,Up to You,Zuum,Gali,18
494,3,120,2,3,768,3,120,3,2,168,3,120,3,3,0,1,Up to You,Zuum,Mock,9
494,3,120,2,3,768,3,120,3,2,168,3,120,2,2,1,0,Up to You,Gali,Plant,12
494,3,120,2,3,768,3,120,3,2,151,3,110,3,4,0,0,Up to You,Gali,Zuum,24
494,3,120,2,3,750,2,90,3,4,155,3,120,2,2,1,0,Not Good,Gali,Plant,39
494,3,120,2,3,750,2,90,3,4,162,3,120,3,2,0,0,Not Good,Gali,Gali,17
494,3,120,2,3,750,2,90,3,4,132,2,90,3,4,0,1,Not Good,Wracky,Henger,17
494,3,120,2,3,484,4,130,2,1,153,3,120,3,4,0,0,Up to You,Gali,Suezo,21
494,3,120,2,3,484,4,130,2,1,158,3,120,2,2,1,0,Up to You,Gali,Plant,11
494,3,120,2,3,484,4,130,2,1,168,4,130,2,2,0,0,Up to You,Gali,Tiger,11
494,3,120,2,3,484,4,130,2,1,148,3,110,3,3,0,0,Up to You,Plant,Suezo,10
494,3,120,2,3,484,4,130,2,1,168,4,130,2,2,0,0,Up to You,Suezo,Gali,10
494,3,120,2,3,484,4,130,2,1,154,4,110,3,2,0,0,Up to You,Plant,Tiger,5
494,3,120,2,3,484,4,130,2,1,174,3,130,2,3,0,0,Up to You,Suezo,Plant,5
494,3,120,2,3,484,4,130,2,1,194,4,150,1,1,0,0,Up to You,Tiger,Gali,5
494,3,120,2,3,484,4,130,2,1,164,3,120,3,4,0,0,Up to You,Gali,Gali,4
494,3,120,2,3,484,4,130,2,1,154,3,110,3,3,0,0,Up to You,Plant,Plant,4
494,3,120,2,3,484,4,130,2,1,209,5,160,1,1,0,0,Up to You,Tiger,Tiger,3
321,2,80,6,6,600,4,160,1,1,152,3,120,3,3,0,0,Not Good,Dragon,Pixie,13
321,2,80,6,6,600,4,160,1,1,186,4,150,2,3,0,0,Not Good,Pixie,Pixie,5
321,2,80,6,6,600,4,160,1,1,106,1,70,5,5,0,0,Not Good,Golem,Golem,6
321,2,80,6,6,600,4,160,1,1,112,2,80,6,6,1,0,Not Good,Dragon,Golem,13
321,2,80,6,6,600,4,160,1,1,156,3,120,3,5,0,0,Not Good,Dragon,Dragon,5
321,2,80,6,6,600,3,120,3,3,148,3,120,3,5,0,0,Up to You,Dragon,Gali,16
321,2,80,6,6,600,3,120,3,3,158,3,120,3,5,0,0,Up to You,Dragon,Dragon,6
321,2,80,6,6,600,3,120,3,3,108,2,80,6,6,1,0,Up to You,Dragon,Golem,16
321,2,80,6,6,600,3,120,3,3,103,1,70,5,5,0,0,Up to You,Golem,Golem,8
321,2,80,6,6,600,3,120,3,3,144,3,120,4,6,0,0,Up to You,Dragon,Kato,33
600,4,160,1,1,321,2,80,6,6,194,4,150,2,3,0,0,Not Good,Pixie,Pixie,6
600,4,160,1,1,321,2,80,6,6,108,2,70,5,5,0,0,Not Good,Golem,Jell,10
600,4,160,1,1,321,2,80,6,6,173,4,140,2,2,0,0,Not Good,Pixie,Dragon,19
600,4,160,1,1,321,2,80,6,6,198,4,160,1,2,1,0,Not Good,Jell,Pixie,11
600,4,160,1,1,321,2,80,6,6,158,3,120,3,3,0,0,Not Good,Jell,Golem,11
600,3,120,3,3,321,2,80,6,6,156,3,120,4,5,0,0,Up to You,Dragon,Kato,24
600,3,120,3,3,321,2,80,6,6,102,2,60,5,5,0,0,Up to You,Golem,Gali,9
600,3,120,3,3,321,2,80,6,6,162,3,120,3,4,0,0,Up to You,Dragon,Dragon,8
600,3,120,3,3,321,2,80,6,6,122,2,80,6,6,0,1,Up to You,Dragon,Golem,12
600,3,120,3,3,321,2,80,6,6,162,3,120,3,3,0,0,Up to You,Kato,Dragon,14
999,3,100,3,3,999,4,120,3,3,235,3,100,3,2,1,0,Not Good,Cpandora,Cpandora,54
999,3,100,3,3,999,4,120,3,3,285,4,120,3,1,0,1,Not Good,Mew,Mew,46
510,3,110,4,4,700,4,160,1,1,196,4,150,1,1,0,0,Up to You,Pixie,Durahan,13
510,3,110,4,4,700,4,160,1,1,166,4,120,3,2,0,0,Up to You,Jell,Jell,10
510,3,110,4,4,700,4,160,1,1,76,3,30,6,4,0,0,Up to You,Arrowhead,Arrowhead,9
510,3,110,4,4,700,4,160,1,1,156,3,110,3,4,0,0,Up to You,Durahan,Durahan,10
510,3,110,4,4,700,4,160,1,1,149,3,110,4,4,1,0,Up to You,Arrowhead,Durahan,15
490,2,90,5,5,700,4,150,1,1,86,1,40,6,6,0,0,Up to You,Golem,Monol,13
490,2,90,5,5,700,4,150,1,1,173,3,120,3,3,0,0,Up to You,Plant,Monol,4
490,2,90,5,5,700,4,150,1,1,156,4,110,3,2,0,0,Up to You,Plant,Tiger,8
490,2,90,5,5,700,4,150,1,1,170,3,130,2,3,0,0,Up to You,Golem,Tiger,27
490,2,90,5,5,700,4,150,1,1,156,3,110,4,5,0,0,Up to You,Tiger,Golem,8
510,3,110,4,4,700,4,150,1,1,190,4,150,1,1,0,1,Up to You,Tiger,Monol,16
510,3,110,4,4,700,4,150,1,1,206,5,160,1,1,0,0,Up to You,Tiger,Tiger,11
510,3,110,4,4,700,4,150,1,1,180,4,140,1,1,0,0,Up to You,Durahan,Tiger,27
490,2,90,5,5,700,4,160,1,1,136,2,90,5,5,1,0,Up to You,Golem,Plant,13
490,2,90,5,5,700,4,160,1,1,166,3,120,3,5,0,0,Up to You,Jell,Golem,8
490,2,90,5,5,700,4,160,1,1,109,2,70,5,5,0,0,Up to You,Golem,Jell,24
490,2,90,5,5,690,4,150,1,1,159,2,100,5,5,0,0,Up to You,Monol,Monol,2
490,2,90,5,5,690,4,150,1,1,169,3,130,2,3,0,0,Up to You,Golem,Tiger,27
490,2,90,5,5,690,4,150,1,1,152,2,100,4,5,0,0,Up to You,Monol,Golem,4
490,2,90,5,5,690,4,150,1,1,136,2,90,5,5,1,0,Up to You,Golem,Plant,13
510,3,110,4,4,690,4,150,1,1,179,4,140,1,1,0,0,Up to You,Durahan,Tiger,27
510,3,110,4,4,690,4,150,1,1,146,2,100,5,5,0,0,Up to You,Monol,Monol,9
510,3,110,4,4,690,4,150,1,1,149,3,110,4,4,1,0,Up to You,Arrowhead,Durahan,17
321,2,80,6,6,640,3,120,3,3,145,3,120,4,5,0,0,Up to You,Dragon,Kato,33
321,2,80,6,6,640,3,120,3,3,185,3,140,3,3,0,0,Up to You,Kato,Kato,2
321,2,80,6,6,640,3,120,3,3,150,3,120,3,5,0,0,Up to You,Dragon,Gali,16
321,2,80,6,6,640,3,120,3,3,110,2,80,6,6,1,0,Up to You,Dragon,Golem,16
321,2,80,6,6,640,3,120,3,3,160,3,120,3,3,0,0,Up to You,Kato,Dragon,5
321,2,80,6,6,560,3,120,3,3,92,2,60,5,5,0,0,Up to You,Golem,Gali,12
321,2,80,6,6,560,3,120,3,3,107,2,80,6,6,1,0,Up to You,Dragon,Golem,16
321,2,80,6,6,560,3,120,3,3,143,3,120,4,6,0,0,Up to You,Dragon,Kato,33
321,2,80,6,6,560,3,120,3,3,156,3,120,3,3,0,0,Up to You,Kato,Dragon,5
321,2,80,6,6,560,3,120,3,3,147,3,120,3,5,0,0,Up to You,Dragon,Gali,16
880,2,80,6,6,960,4,160,1,1,142,2,70,5,5,0,0,Unsure,Golem,Jell,19
880,2,80,6,6,960,4,160,1,1,164,2,80,6,6,1,0,Unsure,Dragon,Golem,13
880,2,80,6,6,960,4,160,1,1,166,1,70,5,5,0,0,Unsure,Golem,Golem,6
880,2,80,6,6,960,4,160,1,1,256,4,160,1,3,0,1,Unsure,Jell,Pixie,6
880,2,80,6,6,960,4,160,1,1,216,3,120,3,3,0,0,Unsure,Pixie,Golem,5
880,2,80,6,6,920,3,120,3,3,152,2,80,6,6,1,0,Up to You,Dragon,Golem,16
880,2,80,6,6,920,3,120,3,3,216,3,120,3,3,0,0,Up to You,Kato,Dragon,5
880,2,80,6,6,920,3,120,3,3,228,3,120,3,3,0,1,Up to You,Kato,Gali,2
880,2,80,6,6,920,3,120,3,3,144,2,60,5,5,0,0,Up to You,Golem,Gali,12
880,2,80,6,6,920,3,120,3,3,180,3,120,4,4,0,0,Up to You,Dragon,Kato,33
494,3,120,2,3,768,3,110,3,2,152,3,110,3,3,0,0,Up to You,Plant,Plant,24
494,3,120,2,3,768,3,110,3,2,155,3,120,2,2,1,0,Up to You,Gali,Plant,31
494,3,120,2,3,768,3,110,3,2,213,4,150,2,1,0,0,Up to You,Naga,Naga,3
494,3,120,2,3,768,3,110,3,2,169,3,120,3,3,0,0,Up to You,Gali,Naga,10
494,3,120,2,3,494,3,120,4,4,159,3,120,4,5,0,1,Unsure,Dragon,Kato,14
494,3,120,2,3,494,3,120,4,4,153,3,120,3,4,0,0,Unsure,Dragon,Gali,27
494,3,120,2,3,494,3,120,4,4,149,3,110,3,3,0,0,Unsure,Plant,Plant,9
494,3,120,2,3,494,3,120,4,4,164,3,120,3,3,0,0,Unsure,Kato,Gali,4
526,1,80,5,5,746,3,100,3,3,118,2,80,5,5,0,0,Up to You,Golem,Pixie,31
526,1,80,5,5,746,3,100,3,3,130,1,70,5,5,0,0,Up to You,Golem,Golem,5
526,1,80,5,5,746,3,100,3,3,125,1,80,5,5,1,0,Up to You,Golem,Zilla,15
526,1,80,5,5,494,3,120,2,3,91,2,60,5,5,0,0,Unsure,Golem,Gali,34
526,1,80,5,5,494,3,120,2,3,127,2,90,5,5,0,0,Unsure,Golem,Plant,17
526,1,80,5,5,494,3,120,2,3,117,1,80,5,5,1,0,Unsure,Golem,Zilla,17
880,2,80,6,6,925,3,120,3,3,216,3,120,3,3,0,0,Not Good,Dragon,Dragon,6
880,2,80,6,6,925,3,120,3,3,216,3,120,3,3,0,0,Not Good,Kato,Dragon,5
876,2,80,6,6,925,3,120,3,3,179,3,120,4,4,0,0,Not Good,Dragon,Kato,33
876,2,80,6,6,925,3,120,3,3,151,2,80,6,6,1,0,Not Good,Dragon,Golem,16
876,2,80,6,6,925,3,120,3,3,191,3,120,3,3,0,0,Not Good,Dragon,Gali,16
876,2,80,6,6,925,3,120,3,3,215,3,120,3,3,0,0,Not Good,Kato,Dragon,5
876,2,80,6,6,925,3,120,3,3,179,3,120,4,4,0,0,Not Good,Dragon,Kato,33
876,2,80,6,6,925,3,120,3,3,151,2,80,6,6,1,0,Not Good,Dragon,Golem,16
876,2,80,6,6,925,3,120,3,3,143,2,60,5,5,0,0,Not Good,Golem,Gali,12
876,2,80,6,6,925,3,120,3,3,215,3,120,3,3,0,0,Not Good,Dragon,Dragon,6
